id,textOriginal,authorChannelId,authorDisplayName,likeCount,publishedAt
Ugx14Y3iVEFL5N40s8N4AaABAg,"really dude... *""Bernard""?* bro wasn't even trying ğŸ˜­",UC6wLnTqPu_v8VWJhbzoHCqA,@Chicken_And_Cardboard,333,2024-05-26T20:13:06Z
Ugyb06Mi1nKvI4qnJSt4AaABAg,Youâ€™ve Gyatt to be rizzing me right now,UCRzi2lRYRCb6OO50NdeDj8w,@fire-sj2jg,230,2024-05-26T20:11:12Z
UgzHlJiLN4RCNt13xJ54AaABAg,Bernard is wild bro. On skibidi ğŸ’€ ğŸ™,UCrkuXu-u2G8dEyAnut_HcBg,@spooderman12321,142,2024-05-26T20:10:26Z
UgwHcEbV4piobK9jUMh4AaABAg,WE GETTING BRAINROT WITH THIS ONE ğŸ”¥ğŸ”¥ğŸ”¥ğŸ”¥ğŸ”¥ğŸ”¥ğŸ”¥ğŸ’¯ğŸ’¯ğŸ’¯ğŸ’¯ğŸ’¯ğŸ—£ï¸ğŸ—£ï¸ğŸ—£ï¸ğŸ—£ï¸ğŸ—£ï¸ğŸ—£ï¸ğŸ—£ï¸ğŸ—£ï¸,UCSaAHjoInqcfKUYNed4maQQ,@stuf638,72,2024-05-26T20:10:16Z
A3uyEdFcox1A3v36OjNMHS,"You got me ! My name is Bernard Hartwell White. I live at 308 Negra Arroyo Lane, Albuquerque, New Mexico, 87104. This is my confession. If you're watching this tape, I'm probably dead, murdered by my brother-in-law Hank Schrader. Hank has been building a meth empire for over a year now and using me as his chemist. Shortly after my 50th birthday, Hank came to me with a rather, shocking proposition. He asked that I use my chemistry knowledge to cook methamphetamine, which he would then sell using his connections in the drug world. Connections that he made through his career with the DEA. I was... astounded, I... I always thought that Hank was a very moral man and I was... thrown, confused, but I was also particularly vulnerable at the time, something he knew and took advantage of. I was reeling from a cancer diagnosis that was poised to bankrupt my family. Hank took me on a ride along, and showed me just how much money even a small meth operation could make. And I was weak. I didn't want my family to go into financial ruin so I agreed. Every day, I think back at that moment with regret. I quickly realized that I was in way over my head, and Hank had a partner, a man named Gustavo Fring, a businessman.  


seriously though thank you bro for another huge supporting dono!!! always appreciate u chicken and cardboard!!
Common Chicken W",UC3mB75p33VLYk3nv2SOVrmw,@MemeZee,45,2024-05-26T21:04:24Z
UgyFJHoDJrhzsyFan6x4AaABAg,"Man, I love Bernard! My favorite cartoon cat!",UCaubA75_8rG9ftLhb5GKnVQ,@AnthonyDaBestYT,33,2024-05-26T20:10:50Z
UgwRcTmy7pGvtEDThbZ4AaABAg,Wut day haill,UCQ-D4ycWOY9H4JBgUv8Cn4Q,@M0RTAL.,33,2024-05-27T03:49:50Z
A3uyEdFcox1A3uyU_o71MW,Erm what the sigma That's alot Money But You have w Rizz,UC0pFZPUWEknqrcPfVVcijaQ,@J2_RandomZ,32,2024-05-26T20:15:17Z
Ugyl935cmbXWOvtfER94AaABAg,"*Timestamps for the video*

Start: 0:00

1st second: 0:01

2nd second: 0:02

3rd second: 0:03

4th second: 0:04

5th second: 0:05

6th second: 0:06

7th second: 0:07

8th second: 0:08

9th second: 0:09

10th second: 0:10

11th second: 0:11

12th second: 0:12

13th second: 0:13

14th second: 0:14

15th second: 0:15

16th second: 0:16

17th second: 0:17

18th second: 0:18

19th second: 0:19

20th second: 0:20

21st second: 0:21

22nd second: 0:22

23rd second: 0:23

24th second: 0:24

25th second: 0:25

26th second: 0:26

27th second: 0:27

28th second: 0:28

29th second: 0:29

30th second: 0:30

31st second: 0:31

32nd second: 0:32

33rd second: 0:33

34th second: 0:34

35th second: 0:35

36th second: 0:36

37th second: 0:37",UCKxt3o2hd_lIQmLa5A8wPtA,@MrCommentGod,15,2024-05-26T20:10:10Z
UgzjwT_GHynpTpmWJ_h4AaABAg,WE PUTTING IT ON SKIBIDI WITH THIS ONEğŸ—£ï¸ğŸ”¥ğŸ—£ï¸ğŸ”¥ğŸ—£ï¸ğŸ”¥,UCq7wxHsCd4mSzm3YtTSZWhg,@DepressedCharges,12,2024-05-26T20:11:16Z
UgxIcuhQFAukq940U3F4AaABAg,"Bro literally just gave the answer to him and he still fumbled, thats crazy",UCj2e7oitiZ1RawaX_YyYhIw,@IamExtremelyBoredAtLife,12,2024-05-26T20:11:36Z
A3uyEdFcox1A3uzWeKVIbB,WHAT THE SIGMA THATS ALOT OF GYATT MONEY FOR THE MEMEZEE,UCq-HS3UCANSpr2jkGF7E7Ow,@Xx_jim,10,2024-05-26T20:24:18Z
Ugx6RNEEkYo2IKakNgZ4AaABAg,BernardğŸ—£ğŸ”¥ğŸ”¥,UCfG6jz7Yy6cZ1f8mrwwWq2w,@elijonzogaj2796,8,2024-05-26T20:10:52Z
UgzryqWFXyVGTLt011h4AaABAg,Bernard is rizzing up my fanum tax ğŸ˜«ğŸ˜«ğŸ˜«,UCLFQOK56CWM3PS7aQNutsPQ,@kemorasitovic7297,7,2024-05-26T21:24:27Z
UgzjAHUdCMiYYoQXAtl4AaABAg,GYATTTTTTT!!!! THAT GYAT IS CRAZY,UCGj8f0H8ta-9t2-XdBJVrww,@LeandreE.G,7,2024-05-26T20:09:52Z
Ugz4I-Lpn6TP6sklZQ94AaABAg,ON SKIBIDI âœ‹ğŸ»ğŸ™ğŸ»,UC334cwePYF6GHIzNwpzh9DA,@Hoodii_Steph,7,2024-05-26T20:10:28Z
A3uyEdFcox1A3uyYyTB-tX,He tried bro,UCCL-0NjClIpoTi6xeSMg8yA,@robloxserversded,6,2024-05-26T20:15:52Z
A3uxw8ulfxrA3v-1YZRTr0,On skibidi? ğŸ¤¨ğŸ¤¨ğŸ¤¨,UCgs7HPkRirduusmvU0dMulQ,@IronOre33,6,2024-05-26T20:28:47Z
UgwKOt2K--lZiGXGVup4AaABAg,Bro's giving a test of brainrot,UCKX7Ce_VV8-Y4CEEzIusyTQ,@Rtplyz,6,2024-05-27T13:46:37Z
A3uyEdFcox1A3v-m_CGEus,GYATTTTTTTT THAT'S A LOTTA RIZZ COINS,UCvT-hJKp8K20-GFMfIqRPtQ,@MichaelJohnson1-cm4gpq,4,2024-05-26T20:35:21Z
A3uy0hJByAEA3vN3eGa0WX,@UTUBETROLLPOLICE_LoganFloor.2 KEEP DREAMING KID,UCorsNVwAYAIeHEUb7FJjNtg,@SandamaliNisansala-,4,2024-05-26T23:58:48Z
A3uyEdFcox1A3v4PqaMvkE,@@MemeZee THE RIZZLER HAS ARRIVED WITH HIS LEVEL 700 GYAT FROM OHIO,UCvT-hJKp8K20-GFMfIqRPtQ,@MichaelJohnson1-cm4gpq,4,2024-05-26T21:15:48Z
A3uyEdFcox1A3uzDYVGeF8,a,UC3pXCquKzRgtZr5KXMYpkRA,@Wendy-Lovesmm2,4,2024-05-26T20:21:41Z
UgyOpyuBddjsdBFSyV14AaABAg,"Good children, terrible teacher",UCFsdzzyxvtLA96YdXffL-YQ,@lambdrey,4,2024-05-26T21:12:41Z
A3uyEdFcox1A3v4pTL6f8m,@@MemeZeeHoly Yapperdoodles *(I still love you pookie bear ğŸ˜˜)*,UC6wLnTqPu_v8VWJhbzoHCqA,@Chicken_And_Cardboard,3,2024-05-26T21:19:26Z
UgwA3YiKkw7dTUFskrl4AaABAg,Brainrot at its finest ğŸ—£ï¸ğŸ—£ï¸ğŸ—£ï¸ğŸ—£ï¸ğŸ”¥ğŸ”¥ğŸ”¥ğŸ”¥ğŸ”¥ğŸ’¥ğŸ’¥ğŸ’¥ğŸ’¥ğŸ’¥ğŸ’¥ğŸ’¥ğŸ’¥ğŸ’¥ğŸ’¯ğŸ’¯ğŸ’¯ğŸ’¯ğŸ’¯ğŸ’¯,UCCL-0NjClIpoTi6xeSMg8yA,@robloxserversded,2,2024-05-26T20:13:19Z
UgziToNuCwS91-3ihlF4AaABAg,Weâ€™re going to the shadow realm with this one,UCO4Q90g8Wvt4rTBNcwsk0Jw,@Huttares,2,2024-05-26T23:35:01Z
UgxReGZZdw7sqxANShh4AaABAg,What de skibidi,UC1ghFvfPKvYl1zbo1bimenA,@Blueboltz0,2,2024-05-27T17:32:39Z
A3uyEdFcox1A3v-N4mgPA6,ey here before memezee,UCzqTXwAeNe54OVeQxOzmIHQ,@Big_fodrat,2,2024-05-26T20:31:44Z
A3uyEdFcox1A3uzw9EcIGz,Who let bro cook?,UCicZoXZ0re3gncvvyk3ObhQ,@Awesomer104,2,2024-05-26T20:27:55Z
UgzHR_gzwy28rcB6Ejl4AaABAg,Ermm? What the sigma,UC0bcrVXiBGi4sphVCt1hP4A,@GOOFYY691,2,2024-05-26T20:16:36Z
Ugz19YjvpqGMa9tAqH14AaABAg,"""Put that on skibidi"" should be a new gen beta line lol",UCTa-hm4lq6fj34pMCDYuR-g,@PerfectionReincarnated,2,2024-05-26T20:22:56Z
UgwlrPK2j7kwC3xT2wR4AaABAg,Erm what the Sigma ,UCRPxoOKSDlCNjx1g8ARwdEA,@Lean_Dude,2,2024-05-26T20:53:09Z
UgzS6XgNBaKqg1BMqRB4AaABAg,"â€œ1 View 1 Minuteâ€

*â€75 Comments, 100 Likesâ€*",UCbQzS1LUGE1Ue_lxQ68o5YQ,@ThatSocialKid,2,2024-05-26T20:11:23Z
UgxGYktq1PWOg282gsx4AaABAg,What the hellğŸ—£ï¸ğŸ”¥ğŸ”¥,UC_3s1MFAOehN-StENUltBeQ,@bl_ankID,2,2024-05-27T13:14:46Z
A3uyEdFcox1A3v47CqYXAf,@@MemeZeewhat the sigma,UCmXPg3FgNo-g67w62c7OYDw,@americatankguy,2,2024-05-26T21:13:15Z
UgwKwbpqd8XKh8anKB14AaABAg,I wouldve stayed alive,UC-SITBiPJ5w9LIfcNMvWbag,@ivanstarr2604,2,2024-05-26T20:10:23Z
UgxrgYgWmzmB0noUItt4AaABAg,Bro when he doesnâ€™t say on Skibidi: ğŸ˜±ğŸ˜¡,UCURq3NhXBGwKI0QcyLmqYNQ,@MrMan121,2,2024-05-26T20:10:17Z
UgxTRBtmP0saqcvHGEl4AaABAg,WEâ€™RE REALLY RUNNING ALL ON SKIBIDI WITH THIS ONE!!!!!!!!!!!!!!!!!!!!!!!!!!!!!!!!!!!!!!!!!!!!!!! IN OHIO THAT IS!!!!!!!!!!!!!!!!!!!!!! ğŸ—£ğŸ—£ğŸ—£ğŸ—£ğŸ—£ğŸ—£ğŸ—£ğŸ—£ğŸ—£ğŸ—£ğŸ—£ğŸ—£ğŸ—£ğŸ—£ğŸ—£ğŸ—£ğŸ—£ğŸ—£ğŸ—£ğŸ—£ğŸ—£ğŸ—£ğŸ—£ğŸ—£ğŸ—£ğŸ—£ğŸ—£ğŸ—£ğŸ—£ğŸ—£ğŸ—£ğŸ—£ğŸ—£ğŸ—£ğŸ—£ğŸ—£ğŸ—£ğŸ—£ğŸ—£ğŸ—£ğŸ—£ğŸ—£ğŸ—£ğŸ—£ğŸ—£ğŸ—£ğŸ”¥ğŸ”¥ğŸ”¥ğŸ”¥ğŸ”¥ğŸ”¥ğŸ”¥ğŸ”¥ğŸ”¥ğŸ”¥ğŸ”¥ğŸ”¥ğŸ”¥ğŸ”¥ğŸ”¥ğŸ”¥ğŸ”¥ğŸ”¥ğŸ”¥ğŸ”¥ğŸ”¥ğŸ”¥ğŸ”¥ğŸ”¥ğŸ”¥ğŸ”¥ğŸ”¥ğŸ”¥ğŸ”¥ğŸ”¥ğŸ”¥ğŸ”¥ğŸ”¥ğŸ”¥ğŸ”¥ğŸ”¥ğŸ”¥ğŸ”¥ğŸ”¥ğŸ”¥ğŸ”¥ğŸ”¥ğŸ”¥ğŸ”¥ğŸ”¥ğŸ”¥ğŸ”¥ğŸ”¥ğŸ”¥ğŸ”¥ğŸ”¥ğŸ”¥ğŸ”¥ğŸ”¥ğŸ”¥ğŸ’¯ğŸ’¯ğŸ’¯ğŸ’¯ğŸ’¯ğŸ’¯ğŸ’¯ğŸ’¯ğŸ’¯ğŸ’¯ğŸ’¯ğŸ’¯ğŸ’¯ğŸ’¯ğŸ’¯ğŸ’¯ğŸ’¯ğŸ’¯ğŸ’¯ğŸ’¯ğŸ’¯ğŸ’¯ğŸ’¯ğŸ’¯ğŸ’¯ğŸ’¯ğŸ’¯ğŸ’¯ğŸ’¯ğŸ’¯ğŸ’¯ğŸ’¯ğŸ’¯ğŸ’¯ğŸ’¯ğŸ’¯ğŸ’¯ğŸ’¯ğŸ’¯ğŸ’¯ğŸ’¯ğŸ’¯ğŸ’¯ğŸ’¯ğŸ’¯ğŸ’¯ğŸ’¯ğŸ’¯ğŸ’¯ğŸ’¯ğŸ’¯ğŸ’¯ğŸ’¯ğŸ’¯ğŸ’¯ğŸ’¯ğŸ’¯ğŸš½ğŸš½ğŸš½ğŸš½ğŸš½ğŸš½ğŸš½ğŸš½ğŸš½ğŸš½ğŸš½ğŸš½ğŸš½ğŸš½ğŸš½ğŸš½ğŸš½ğŸš½ğŸš½ğŸš½ğŸš½ğŸš½ğŸš½ğŸš½ğŸš½ğŸš½ğŸš½ğŸš½ğŸš½ğŸš½ğŸš½ğŸš½ğŸš½ğŸš½ğŸš½ğŸš½ğŸš½ğŸš½ğŸš½ğŸš½ğŸš½ğŸš½ğŸš½ğŸš½ğŸš½ğŸš½ğŸš½ğŸš½ğŸš½ğŸš½ğŸš½ğŸš½ğŸš½ğŸš½ğŸš½ğŸš½ğŸ’€ğŸ’€ğŸ’€ğŸ’€ğŸ’€ğŸ’€ğŸ’€ğŸ’€ğŸ’€ğŸ’€ğŸ’€ğŸ’€ğŸ’€ğŸ’€ğŸ’€ğŸ’€ğŸ’€ğŸ’€ğŸ’€ğŸ’€ğŸ’€ğŸ’€ğŸ’€ğŸ’€ğŸ’€ğŸ’€ğŸ’€ğŸ’€ğŸ’€ğŸ’€ğŸ’€ğŸ’€ğŸ’€ğŸ’€ğŸ’€ğŸ’€ğŸ’€ğŸ’€ğŸ’€ğŸ’€ğŸ’€ğŸ’€ğŸ’€ğŸ’€ğŸ’€ğŸ’€ğŸ’€ğŸ’€ğŸ’€ğŸ’€ğŸ’€ğŸ’€ğŸ’€ğŸ’€ğŸ’€ğŸ’€ğŸ’€ğŸ’€ğŸ’€ğŸ’€ğŸ’€ğŸ’€ğŸ’€ğŸ’€ğŸ’€ğŸ’€ğŸ’€ğŸ’€ğŸ’€ğŸ’€,UCY163qOoxe51uH_6a5NSbUg,@liftsurfer52,1,2024-05-26T20:19:18Z
UgyoQgxE_uf3iaWwhl94AaABAg,HI,UC1UZQOHkQgnGzNuhWlaYM7w,@Alithekingofnothing,1,2024-05-26T20:09:59Z
Ugzw2-RU0jOFjJvJFMN4AaABAg,Memezee please make gaming channel for more motion,UCOeepGMPBH8ILuzxh2cx_1w,@global_volcano69,1,2024-05-26T20:09:59Z
UgxkVqgaLatrb5PycK54AaABAg,Pls pin,UCjMsyfOPD-easgm-pEd6g7A,@Clappy_serato,1,2024-05-26T20:09:57Z
UgyLTYjEP7QEx2qvKI94AaABAg,certified 2 minutes ago moment ğŸ”¥,UCXPwO9GJClJNJyivzRTzp_g,@Br3n0o_,1,2024-05-26T20:13:23Z
UgwPxNZJlqpIVoVoKN94AaABAg,pluh,UCUX5qimtpHqLw3MPwjDywiw,@user-bu7sr1bo6n,1,2024-05-26T20:16:06Z
UgxbtmfiyAI3mu5wy814AaABAg,M,UC2KlO9eTpD2VAeuNu4dZEtw,@riemannhypothesis.,1,2024-05-26T20:09:53Z
UgzHMP7Z2BEnWFRNYQJ4AaABAg,lmfao,UCdKbIkfFH9Ar1yxoMezur5Q,@gerald1138,1,2024-05-26T20:10:23Z
A3uyEdFcox1A3v-cmilZWC,Here before the Pin,UC7ynd3Za1p_m08keorSvnRg,@Just_a_meme420,1,2024-05-26T20:34:01Z
UgwBP3eCOnJJBwcj7tp4AaABAg,Gyautt,UCpvhWfXm9iRGGhaCF8ngyog,@Loganbuslover,1,2024-05-26T20:28:31Z
UgyWSfxEuS2WEXoA1YV4AaABAg,Had to explain gyatt to a chief prosecutor the other day...,UCQibI-5ULu_FHGVbv4-izgA,@cs82271,1,2024-05-26T20:49:55Z
UgxRvlzfL3ShLvjMBuJ4AaABAg,WE GETTING TAKEN BY THE PORTAL WITH THIS ONE ğŸ”¥ğŸ”¥,UCkCqGKTzifaIPVEHP4VeHbA,@KidusGaming56,1,2024-05-26T20:51:13Z
UgzHj0fLItFxWu7pWg54AaABAg,Very cool video meme zee,UCDG2NdWfbm3RD-Q7C4TMwlQ,@rorroryusoul,1,2024-05-26T20:52:24Z
UgyJvm6D2mPXNZ9lKTF4AaABAg,Ok,UC0Vpku736gQWZxpquTb-y4g,@wiebelvr8008,1,2024-05-26T20:09:51Z
UgxGcndRxKxEEz8JWqp4AaABAg,Nah bro they are cooked ğŸ¤‘ğŸ«£ğŸ«£ğŸ«£,UC_Tt90AJwJHQajBcy9jqukA,@BabaBooey555,1,2024-05-26T20:10:07Z
A3uxu7qsn9WA3uy54ELudW,6th second is by far the best,UCARz3NpsrrrLHXjh5E897uw,@DJ-mi9ig,1,2024-05-26T20:11:48Z
A3uyEdFcox1A3v2eSVv0_k,"46 minutes and not a pin, heart or even reply from memezee",UCk1wQc6AaStKxQOZmbuOejg,@Unknown.160,1,2024-05-26T21:00:27Z
A3uxvmU_nl-A3xJKDaIWl3,Half eaten donut?,UCTMEGWsJYnFC-TWUvSCxcXA,@Watermeloncat6000,1,2024-05-27T18:04:35Z
UgxdppJ3KK8pSxCxQpp4AaABAg,Hi Iâ€™m your first comment,UCzkqPKpd9Z_YNKjz4TET6gw,@BrockNutter,1,2024-05-26T20:10:13Z
A3uy0hJByAEA3vk0Bvfhg2,â€‹@UTUBETROLLPOLICE_LoganFloor.2you only have 0 iq brain,UCCE2cy45xC6pZxlwDfrV77Q,@user-lw9ch9km9w,1,2024-05-27T03:28:02Z
A3uy0hJByAEA3wd5DEtsg-,â€‹@@SandamaliNisansala- ratio,UC2Nz06F-8eX9zectCZ_RADQ,@susseramogus510,1,2024-05-27T11:46:48Z
A3uy0hJByAEA3weDLTIJ_o,@@susseramogus510 Your name is kinda sus...,UCorsNVwAYAIeHEUb7FJjNtg,@SandamaliNisansala-,1,2024-05-27T11:56:39Z
UgxK28wplfklAWIkqCp4AaABAg,"Bro I passed all three of them answers, Naw Iâ€™m definitely cooked ğŸ’€ğŸ˜­ğŸ™ğŸ»",UC6a60U-llHpA9WyyQCDG3Lg,@boomgraffiti6134,1,2024-05-26T20:10:54Z
UgxeyBVNtITCeis_xOh4AaABAg,40 comments arealy,UCp8tXVrKSHeZAs1_50agGCA,@SNOWYMONKEVR_2025,1,2024-05-26T20:10:14Z
UgxKTYVb7-G5GDk3Lk14AaABAg,I put it on skibidi no diddy fr fr fr,UCPLVcSgdL_CIHigu1NBC9eQ,@TheTax3dOne,1,2024-05-26T20:10:15Z
A3uxyzmTYupA3v8Fqo4LFh,Say on skibidi,UC4Hbw_PjCUK2btqmrY-wQTQ,@Burgerer300,1,2024-05-26T21:49:23Z
Ugx9CYNg1ZSTPw02mT14AaABAg,I PUT IT ON SKIBIDIğŸ—£ğŸ”¥ğŸ’¯,UC1RuXTeY6rdmjiNXl2ZxfRQ,@Billy_On_Vr,1,2024-05-26T20:10:46Z
A3uxus2HQKZA3uy8Z3fK0F,Edge. Edge. How many times have you watched explicit content? Edge. Edge.,UCiGRiY6sGYox4WBr3kG724w,@fanofpizzatower23199,1,2024-05-26T20:12:16Z
Ugx8jBDrx2tTA8Uyteh4AaABAg,"how many times have you watched explicit content
Jjjkjkjkjkjkk",UCuLDk7dptqFEh_WI6ftAAjA,@iceblade17cj,1,2024-05-26T20:10:16Z
UgykOqVCVGp7YBMFq154AaABAg,0 likes in 0 seconds!! prime memezee wouldâ€™ve done better,UCWOv36tH0Vs_Ga6s8BP1YDQ,@cuauh.,1,2024-05-26T20:10:17Z
A3uxw8ulfxrA3xdVp-RdR6,@UTUBETROLLPOLICE_LoganFloor.2 Why do you even support UTTP you actual 10 year old,UCkVPrfI0u86JxgAS42yLqxg,@NirvanaFace,1,2024-05-27T21:09:40Z
A3uyEdFcox1A3v2tIrBZ0_,STOP DONATING SO MUCH MONEY MAN,UCnj7O6VFfDTMqNkG7ib1tlg,@poggingmilk9452,1,2024-05-26T21:02:29Z
UgywmlrRsIa19OaZjjh4AaABAg,Me when I watermeloned the cat: ğŸ—¿(First),UCjf71pkOO8t8L_crhIn8Dsw,@ItsAlce,1,2024-05-26T20:11:15Z
UgyQbphPLa2K4d0nmed4AaABAg,Ok,UCsxj77Oe7VLbwK3LtnQH1rQ,@IlikesodaSoda,1,2024-05-26T20:09:51Z
UgyzanA6G6aat5Sm6wB4AaABAg,We reaching 18 subs with this one! Put that on skibidi!,UCriEOoQ3kZR21eXnkNcYxEw,@Elektr0FenyxMusic,1,2024-05-26T21:39:24Z
A3uyEdFcox1A3vjMGm9YeP,you mean it isnâ€™t Bernard?,UCui7yqprKDn_v5k-LNXrFMA,@wgamingtime9040,1,2024-05-27T03:22:19Z
UgyZNY6F7Zx8j9I66uZ4AaABAg,barry right?,UCA1EGk9A3rAoWhQlpjQDGNw,@insanepig,1,2024-06-01T16:25:46Z
Ugx1YQGSyxEplAkAisZ4AaABAg,Nah lil bro did not know duke Dennis ğŸ’€,UCgdFu3SJD9n-xHS241ws8qQ,@user-sx1ne9ky1x,1,2024-05-26T23:50:42Z
A3uyEdFcox1A3v1jyr6tAD,Here before pin,UCT95PtvXhGPe24Omrs-QNqA,@Bradyzis,1,2024-05-26T20:52:28Z
UgwmJXRble4YP7ySfXF4AaABAg,ğŸ˜‚ğŸ˜‚ğŸ˜‚,UC5ew-sMLqk0ok0riMU9xqPA,@kalleyneves,1,2024-05-28T20:39:38Z
UgxPDL5X7-UzCMpxJiV4AaABAg,Who is the cat on the watermelon?,UCp5R9Q7SENqd5rZk5JF73Yg,@plant3202,1,2024-05-28T19:00:23Z
Ugyjf73lZblBvsQiZ_d4AaABAg,what in the bomboclat is this?,UCOy0TgYZI365NzO_lw_xOXw,@aaronisepic1,1,2024-05-27T12:25:25Z
Ugyl0MJZbeR2On3kv1N4AaABAg,Cat named Bernard ğŸ‰ğŸ˜ºğŸ”¥,UCDW4-yBty0cHvqO0iGhTNgA,@FunnyGoofyPurpleCat69420,1,2024-05-28T14:45:42Z
UgyRnZe5FFxkmv2do3Z4AaABAg,"Broâ€™s so stupid, itâ€™s not BERNARD, the catâ€™s name is Cornelius OBVIOUSLY, smh",UCiTims93_5vBE47Sje0KuWA,@C-qw7bi,1,2024-05-27T12:27:59Z
A3uyEdFcox1A3v3WG6E1Ax,â€‹@@MemeZeeWHAT LANE â‰ï¸,UCrE_j30Uc0ChD-0SP5vS6Zg,@SuperSeniorGojoAfterYourGYAT,1,2024-05-26T21:07:56Z
UgwpwPovHZdn9wqKJAR4AaABAg,Weâ€™re having brain rot with this oneğŸ”¥ğŸ”¥ğŸ—£ï¸ğŸ—£ï¸,UCI_FAxkQTbIxNX9mbGETWHw,@-Lebron-James-142,1,2024-05-26T21:26:07Z
UgwvrD7aUQYUilOaXnZ4AaABAg,Sorry but my brain rot is Gyatt!!!!!!!!!!!!!!!!!!!!!!!!!!!!!!!!!!!!!!!!!!!!,UC8lrGXmqZCgO3GRQqPq164w,@BobRoigr,1,2024-05-27T13:41:59Z
A3uyEdFcox1A3vmv5ahAF5,@@wgamingtime9040 bro. Itâ€™s not Bernard! ITS JERRY GOJO MCDANIEL TACO BELL MAN CAT! Duh,UCicZoXZ0re3gncvvyk3ObhQ,@Awesomer104,0,2024-05-27T03:53:25Z
Ugz2DlEEPGLd4L8seRB4AaABAg,Hi,UC0nvfb8S3rriGYxFz49arpg,@user-ep7ek6zc1p,0,2024-05-26T20:10:11Z
A3uxtnHLG6UA3uxxaDy6Q_,ğŸ«’ğŸ”•ğŸ”•,UC2KlO9eTpD2VAeuNu4dZEtw,@riemannhypothesis.,0,2024-05-26T20:10:38Z
A3uxtnHLG6UA3uxuP_AymL,Rip,UC_Tt90AJwJHQajBcy9jqukA,@BabaBooey555,0,2024-05-26T20:10:12Z
A3uyEdFcox1A3wheFDuXqp,@@Awesomer104 oh mb! That was an obvious one. Idk how I thought it was Bernard,UCui7yqprKDn_v5k-LNXrFMA,@wgamingtime9040,0,2024-05-27T12:26:40Z
A3uyEdFcox1A3wf7W_uYR4,SOMEONE GET THE POWER OF 200 LIKES FAST!!,UCfpGBH1of4IA3OjtOweJg1g,@Coolbilly68,0,2024-05-27T12:04:35Z
A3uxu7qsn9WA3uy1lYwCWm,damn W,UCNF7G4xMmVjGwWDk-yYVpiQ,@laughy_catty,0,2024-05-26T20:11:21Z
A3uxu7qsn9WA3w24rw3vkX,Thanks bro,UCqXVgg0NM0d0LdlNj51Yc2g,@Randomguy82635,0,2024-05-27T06:14:42Z
UgwQurT3bGhDB9YeeuR4AaABAg,Put that on Skibidi that you love me bbgğŸ¤ª,UCM-cKX696eqFWMh3I6cBlOA,@MahoragaTheOppStoppa,0,2024-05-26T20:10:08Z
UgwCBID4KAZyhsUBadd4AaABAg,f,UCE8Kjd0mOP84cQ_bpUpbH_Q,@TTV_GeorgeOnRL,0,2024-05-26T20:10:09Z
Ugwrbcwqz0tnIGfVp_t4AaABAg,â¤ imma touch myself,UCImzDZybBpc4pPJYbGMTnHg,@justinelpapu7014,0,2024-05-26T20:10:12Z
Ugw7owlvK7B5PnQ7opR4AaABAg,0 views in 10 seconds? Bro fell off,UCiS4FFX4cdfHrS_sucqAUkw,@GoofyGoldenToes,0,2024-05-26T20:10:08Z
UgwHzNfQ4QCF8w8bxtR4AaABAg,Say on skibidi ğŸ˜ ,UCVu6LNam5561toIiy1QYWGg,@Hotaustraliantree,0,2024-05-26T20:10:11Z
A3uxuq_FBZ6A3xamdb85VN,@UTUBETROLLPOLICE_LoganFloor.2 Beep boop,UCpacBq5vlN-z-c9RjaFExwA,@Octopus2480,0,2024-05-27T20:45:53Z
A3uyEdFcox1A434meGIGJ9,BERNARD HILL AT THE END ğŸ”¥ğŸ”¥ğŸ”¥ğŸ”¥ğŸ’¯ğŸ’¯ğŸ’¯ğŸ’¯ğŸ’¯ğŸ’¯ğŸ—£ï¸ğŸ—£ï¸ğŸ—£ï¸ğŸ—£ï¸ğŸ—£ï¸ğŸ—£ï¸,UCHWhgNaOfjVhY3avmiyHy0w,@dannadelapaz118,0,2024-05-30T09:12:13Z
A3uyEdFcox1A46rgyEOtWD,@@MemeZeeI ainâ€™t reading allat,UConh0Uc9c8P1J1li1j5sYFA,@Metal_Bat_Goat,0,2024-05-31T20:26:04Z
UgwcqTNauBjw1pM73jx4AaABAg,Haha first,UC4fnNJTERbFQM0CiaGbEobw,@kuko7754,0,2024-05-26T20:10:15Z
UgwgU169RrgTtNCEFAt4AaABAg,Hi,UCuJ7Q-xSJQ8QxqU1hmimd0w,@VerseYT15,0,2024-05-26T20:10:15Z
A3uxuq_FBZ6A3vKcvklrmW,@UTUBETROLLPOLICE_LoganFloor.2oil up idgaf if youâ€™re a kid,UCrJKBULHNCbJTnaEb6B1RRA,@Deluxecheese35,0,2024-05-26T23:37:32Z
Ugz4a436p8WBSKxf5oZ4AaABAg,Put that shit on skibidi... Go on.. i'll wait..,UCOjjQKgl5hrkXzCO6Zz4egg,@user-sq6lo3zi7x,0,2024-05-31T18:41:28Z
A3uxus2HQKZA3xJHHtvmcD,Rizz. Rizz,UCTMEGWsJYnFC-TWUvSCxcXA,@Watermeloncat6000,0,2024-05-27T18:04:11Z
UgyIZBdaG7qxIJiWrgt4AaABAg,Skibidi toilet rizz in ohio,UCc7cYqXoemshDGH52lOiOdQ,@Palitapka,0,2024-05-30T02:45:25Z
Ugyrd21srthIxNbrzCV4AaABAg,SAY IT ON SKIBIDI,UCIYpZStTXadtt2gv9fEDRBg,@editmisteredit,0,2024-05-26T20:10:17Z
UgzNhdGT8lA1oB__H3d4AaABAg,First ğŸ¥‡!,UC6Kg2CN5xg7z2oiLy3Tb75A,@nuknal7409,0,2024-05-26T20:10:19Z
Ugxf85z-DLOGB8D115l4AaABAg,0 views 0 sec bro fell ofğŸ¤“,UChVcbUim2yTAXkRvuDMdvfw,@pavles8881,0,2024-05-26T20:10:20Z
Ugx4Sjdy42EbaPo7z7V4AaABAg,I'm signa,UCcC3w84LjFU-j2sBrmZpECw,@Thebeanman547,0,2024-05-26T20:10:19Z
Ugyg0e-ZfDkicA8164N4AaABAg,Rizz,UCkrUeJJkKoI_JQlLN6iBowg,@moonlight_-.975,0,2024-05-26T20:10:21Z
UgwrW1F77BedH52SSoZ4AaABAg,this guy uploads faster than my dad leaving or faster than i blink,UC3pXCquKzRgtZr5KXMYpkRA,@Wendy-Lovesmm2,0,2024-05-26T20:10:22Z
Ugy0S0S1G7LRHjRHPwN4AaABAg,I swear ok skibidi,UC0nvfb8S3rriGYxFz49arpg,@user-ep7ek6zc1p,0,2024-05-26T20:10:07Z
UgwNwV7FjgMBeyawyNN4AaABAg,On skibidi!,UCtVTdiluW2m1Qad50tqccxw,@Water-On-My-Melon,0,2024-05-26T20:10:07Z
UgxZNfvSRLLzJZhrSwl4AaABAg,I put it on skibidi,UCivX_a7Nl23tGZyPgjuHapg,@EricSandoval-cs3xx,0,2024-05-26T20:10:07Z
UgxM4e68um-hk6X0rMJ4AaABAg,1,UChI0LAhqCLsEXsEjLELoAfw,@qgold464,0,2024-05-26T20:09:54Z
UgwIrLSeZ76J9Y-It1F4AaABAg,First,UC7yNfT_CnhGJ88XbTG5OAHQ,@ch4ll4hx93,0,2024-05-26T20:09:56Z
A3uyEdFcox1A3v5kl8zvTi,@@MemeZeeWHAT-,UCq-HS3UCANSpr2jkGF7E7Ow,@Xx_jim,0,2024-05-26T21:27:32Z
A3uxsUY6yTuA3xJCPwFFYY,Nuh uh,UCTMEGWsJYnFC-TWUvSCxcXA,@Watermeloncat6000,0,2024-05-27T18:03:31Z
UgydqkOmWty7aDF4rfN4AaABAg,on skibidi bro,UCS4YgwiQqqcSntafhyT9iKw,@rappanrecoop,0,2024-05-26T20:09:56Z
Ugw6yfK1PXc6Rvk5jzp4AaABAg,A.,UCjhQHSQchS61HbJCvV4Olyg,@planwite,0,2024-05-26T20:09:56Z
Ugwhu3-rSuMM7_EGTw14AaABAg,WHAT,UCszh1XIAPb_h9y4127-nXrw,@Lol-659,0,2024-05-26T20:09:55Z
UgyEYy_RnGm2oTHZshJ4AaABAg,Urahhh,UCFj483ANjx6WvFd6ibdltXw,@RandomPerson9-11-01,0,2024-05-26T20:09:54Z
A3uyEdFcox1A3v4ALJB1a4,Screw you. My name's Bernard.,UCFsdzzyxvtLA96YdXffL-YQ,@lambdrey,0,2024-05-26T21:13:41Z
UgxDvnDBBCztxUaZ-dF4AaABAg,W brainrot,UCH6N41maZCICQ6cV2FbQ60A,@Pureblue198,0,2024-05-27T19:22:34Z
UgwZm66OjTXsua6BqOp4AaABAg,E,UCzwrXa06gdbybO4SuqMxQNQ,@Tre_Tre333,0,2024-05-26T20:09:53Z
UgyNIcAgXJ_UpIeLEvJ4AaABAg,First,UCu-kTNbAuLD1gcsfkuGkkxA,@AspectXD_,0,2024-05-26T20:09:53Z
A3uxs26DQqrA3xJBLmLQ9V,6th*,UCTMEGWsJYnFC-TWUvSCxcXA,@Watermeloncat6000,0,2024-05-27T18:03:22Z
A3uxryQ0UbwA4-zO8SmsUw,brainrot,UCCvA4_I0WPQ4sWSeHO47C-w,@DrEugenee,0,2024-05-29T04:18:35Z
UgxvNZTomIdD99rS2Mh4AaABAg,Hi,UC0nvfb8S3rriGYxFz49arpg,@user-ep7ek6zc1p,0,2024-05-26T20:09:52Z
UgygVaXQFPyWku5Eu-N4AaABAg,What the sigmağŸ˜¢ğŸ˜¢ğŸ˜¢ğŸ˜¢ğŸ˜¢,UC095riXgDJhNpDqKMAfYpEw,@Brodda-edit,0,2024-05-26T20:09:52Z
A3uyEdFcox1A3v3P9Ceu8g,@@MemeZeea,UC3pXCquKzRgtZr5KXMYpkRA,@Wendy-Lovesmm2,0,2024-05-26T21:06:58Z
A3uxsUXPEn5A3xJDZqNOJv,Watermelon caaaat!!!,UCTMEGWsJYnFC-TWUvSCxcXA,@Watermeloncat6000,0,2024-05-27T18:03:41Z
Ugy2AUPJLSfExIqkjOt4AaABAg,My name is watermeloncatğŸ˜¡ğŸ¤¬ğŸ¤¬ğŸ¤¬,UC2-LXue3_61TjadQqhgyigg,@Vendaoa,0,2024-05-26T20:09:57Z
Ugz9238999geabZGHTF4AaABAg,Hallo,UC0nvfb8S3rriGYxFz49arpg,@user-ep7ek6zc1p,0,2024-05-26T20:09:57Z
Ugyw9ceCBJaC5rwBgTF4AaABAg,first,UCxki7UfodgLfLmup7liQV9g,@user-cu8oj5bu3n,0,2024-05-26T20:09:57Z
UgyhMVm2yBrKQ-8UpHF4AaABAg,on skibidi...,UCKovWbkFkIsICL_e5zIf25g,@ibtgn,0,2024-05-26T20:10:05Z
Ugwm7Gt3ppQHV3pj76d4AaABAg,Say on skibidi ğŸ”¥ğŸ”¥ğŸ”¥ğŸ”¥ğŸ”¥,UCCGlPDFyFAugsdPkdXJfOAA,@quadmolianempire,0,2024-05-26T20:10:03Z
UgwBD-hw1cM6s1O_JM14AaABAg,First,UCcC3w84LjFU-j2sBrmZpECw,@Thebeanman547,0,2024-05-26T20:10:03Z
Ugy7hiVL0Mmy991NUd94AaABAg,First,UCORWlIqI4YeUxdMRkjirWmA,@freddyreal13557,0,2024-05-26T20:10:03Z
UgzpPel_jpt02C1leC14AaABAg,put that on skibidi,UCO6GkCQv7eLkzFO0M8LjAGw,@goblins6969,0,2024-05-26T20:10:01Z
Ugx88Rsotndp4XgyDZd4AaABAg,Sup,UCIxTxd59eHznrtCBxYhaHrA,@gigachad9582,0,2024-05-26T20:10:01Z
UgxXOWS5ScPBG2BZ8wl4AaABAg,On skipidi,UCtne3XrOw4HjKyrUs8ZNfMg,@Kadethemoron,0,2024-05-26T20:10:01Z
A3uxt-m9RM3A3uy0_Bo1AR,1 minute gang,UC8K1BXIuK25SuQf05e-vZ_Q,@ADJE.,0,2024-05-26T20:11:11Z
UgyoyI1Ud-u0vXE-dsp4AaABAg,Hi,UCCvjxptgYwhOItFx_WdZxZA,@frer_gar.e,0,2024-05-26T20:10:00Z
UgzXaH85pdk31J_P17R4AaABAg,Hi,UC0nvfb8S3rriGYxFz49arpg,@user-ep7ek6zc1p,0,2024-05-26T20:10:00Z
A3uyEdFcox1A3v6ad1QH4T,@@MemeZee walta?,UCicZoXZ0re3gncvvyk3ObhQ,@Awesomer104,0,2024-05-26T21:34:53Z
UgxN6IBdlyGqt4U-uah4AaABAg,Onion,UCTLwCQd0INGTqSoJ2MqAvXQ,@ShrekTheShrexyOgre,0,2024-05-26T20:09:59Z
UgwmtqrFGpSkBHUOgKh4AaABAg,FIRST LIKE,UChof8BuF-l5MqAGcHFT3Rfw,@ZioPlaysRoblox,0,2024-05-26T20:09:59Z
UgyIgZ5MjxlYqUJnvkh4AaABAg,On skibidi,UCSPIM2MybjvKvZMFrMdpJGQ,@ZionOrellana-zh7my,0,2024-05-26T20:09:58Z
UgyrlEDhZuJ6cggthLh4AaABAg,Cat!!!!,UCJjkd1MPyRg1EfAIkbFBGKA,@yousifcool33,0,2024-05-26T20:09:57Z
UgyzS_OZzYgST4gLg-x4AaABAg,Skibidi gyat Ohio master lvl999 max sigma W RizzğŸ”¥ğŸ”¥,UCHQ-KuU6EdB2dIL_1K-K0YQ,@AfiqBowgart,0,2024-05-27T23:12:38Z
UgyNxR7ZVzoHmd7zEh54AaABAg,WUT DA HEEEEEEEEEEEEEEEEE- ğŸ’€ğŸ’€ğŸ’€,UCDsO1VThByKcXejNCgHV1Zg,@soupcan5948,0,2024-05-26T21:12:47Z
UgwX8Uf3UzXLuczdcCJ4AaABAg,Yall can ligma on deez nuts,UCm6E_5BDngkzOHePutZQBYQ,@Tech-vd7qs,0,2024-05-27T19:05:45Z
UgyItRbCeIX7TrQ_egt4AaABAg,Whoâ€™s watching this in 2024?,UC83btpiu4BgCyoFUa9PPI9g,@nataliefenton4096,0,2024-05-26T20:22:52Z
UgxSaPKa9KefDStZ-dd4AaABAg,Nuh I will fail for the first question ğŸ˜­ğŸ’€,UCL32UtRH3mmniS8GeMMlcLg,@saddam-hacker.,0,2024-05-26T20:19:20Z
UgybzmVlJ5rlpTKwHOB4AaABAg,197th rizzler to fanum tax this skibidi gyatt video ğŸ’ª,UCbH4Oy689Kw8V81oArHvGOg,@WaterBugatti,0,2024-05-26T22:06:17Z
UgwPDXNgNiDj_LqILFd4AaABAg,1min 0views bro fell off ğŸ˜¢,UCehSD16KLIa-EEx-f3APWxg,@FishstickPro,0,2024-05-26T20:18:15Z
A3uypKMA8mVA3xJS2bJ3Be,"Don't click read more!! ğŸ˜¨ğŸ˜¨ğŸ˜¨ğŸ˜¨










   
         |
  âœˆ â–‹â–‹                            â–‹â–‹
       â–‹â–‹                            â–‹â–‹ 
       â–‹â–‹                            â–‹â–‹
       â–‹â–‹                            â–‹â–‹",UCTMEGWsJYnFC-TWUvSCxcXA,@Watermeloncat6000,0,2024-05-27T18:05:39Z
UgwXFoB3WSuFEnVBzD94AaABAg,ğŸ¤«ğŸ§,UCYJ2OsUkxTpEnsWJNBO5fng,@_K-hx9ox,0,2024-05-26T22:09:09Z
Ugzojf2981yZBj-nu3J4AaABAg,0:22 spider man 3 refferenceğŸ¤¯ğŸ¤¯ğŸ˜±ğŸ”¥ğŸ—£,UCWreJqxZItGTURuT9sN_HNg,@Z4r45O8gmail,0,2024-05-26T22:36:49Z
Ugx9yix3Rya2rAESnd54AaABAg,UNDER 10 MINUTES GANG,UC3eJv569YNhkR_2ffU4zDlA,@Pro-gamer152,0,2024-05-26T20:15:19Z
A3uyUpBt5lyA3uyehgqctm,Me ğŸ—£ï¸,UCJy7czazawz7bw2x9RYJJlw,@Matthewgd1929,0,2024-05-26T20:16:48Z
UgzDnkcu4pWpKVAA7314AaABAg,GYATTT! Now that's rizz!,UCqN7D4vEFd04IIyhcKXAiiw,@SheIIfire,0,2024-05-26T20:15:19Z
UgwD_l4pJ7GXMiEXC_54AaABAg,Who is skibidi,UCV8NJOTJagGrw8bjarFnqUQ,@notsocubic64,0,2024-05-26T20:15:11Z
Ugy3AOlcvwsxD4Z7Rat4AaABAg,Add that to the lore,UC-HsZOgZBtC8h_mx6wYzJgQ,@fluffygamingsheep,0,2024-05-26T22:49:49Z
UgwV5ftoi4P4MdGWA5V4AaABAg,You gotta be skbidding,UC27K3toI0Va0RySjNWvyDmA,@crimxine6917,0,2024-05-26T22:54:21Z
UgwxsMmJwTuVB3eM1B94AaABAg,Put that off a skibidi ğŸ¤‘,UC_XS9eoB7Q4xto7szZ9MN3Q,@Pou-pu9mf,0,2024-05-26T20:12:47Z
Ugzcl8DEpsnpooeEP5V4AaABAg,say on skibidi that these mfs are idiots,UCRKe0fYqRpPle3m4AC6UY_Q,@ChromaSorcerer,0,2024-05-26T20:12:30Z
Ugz9uWKLqzcmbXy5eyV4AaABAg,"""if you dont know the answer YOU DIE"" that's like my Math teacherğŸ”¥ğŸ”¥",UCatETfvRi42Dl5Z2rJ-bDRQ,@UnP3rfect_,0,2024-05-26T20:12:29Z
UgzU3a8uCr5XAXnIaiZ4AaABAg,Kai cenat at the start ğŸ’€,UClR3vqQz-0PlO6LMmWQoraQ,@Lost_Rocket,0,2024-05-26T20:20:53Z
UgyYDSUzPG6Ctgerl0Z4AaABAg,memezee on the last short you hearted my comment but you deleted the short ğŸ˜­ğŸ˜­ğŸ˜­ğŸ˜­ğŸ¤¡ğŸ¤¡,UC46K2-NFhjnT6N3o6S1_XaQ,@arch_gt,0,2024-05-26T21:44:02Z
Ugwy_9m936QXO0BIwtJ4AaABAg,cool vid!,UCHpljQjlfIyuGzqqYKGg36Q,@mateptheepic,0,2024-05-26T20:12:00Z
Ugz4efQP7bzaoqc56L94AaABAg,Skibidi Pride!! ğŸš½,UCU99z7bdLpTZaoAMB_crE8A,@XavierSchwartzTheOriginal,0,2024-05-26T20:24:55Z
Ugxc25dduEuPEMKkb4J4AaABAg,"gyat damn son, on skibidi ts crazy",UCIaKlgrqdcS7Is--x7U29DA,@lilandch4rr,0,2024-05-26T21:02:36Z
UgwESVDqr8At0utdgcd4AaABAg,Lmao this one was actually funny,UCAsySwYAUBXI5Y25xE1xq6Q,@nocaptcha8110,0,2024-05-26T20:55:20Z
A3v1p-6BEjRA3v2rs-Xriy,DUDE WITH THE LEAN! DUDE LEAN ,UC3mB75p33VLYk3nv2SOVrmw,@MemeZee,0,2024-05-26T21:02:17Z
A3v1p-6BEjRA3v4CticKUR, yooo meme  zeee,UCRPxoOKSDlCNjx1g8ARwdEA,@Lean_Dude,0,2024-05-26T21:14:02Z
A3v1p-6BEjRA3wG2Zt6Ffu,"â€‹@@MemeZeememezee, is there no more discord link for new members?",UCQ-D4ycWOY9H4JBgUv8Cn4Q,@M0RTAL.,0,2024-05-27T08:16:43Z
UgxJ1TKMRiPPnUnuQ0J4AaABAg,BRO HOW DID HE NOT RIZZ THAT SKIBIDI THAT WAS A NO-BRAINER OH MY GYATT THAT TOTALLY MOGGED MY OHIO STREAK,UC800X9n5HFgAPV9gA7UevwA,@midpointplayer,0,2024-05-26T21:30:01Z
Ugx9Uirqv76ddjAr5BJ4AaABAg,Geat Meme,UC5JFqRSc0sjZG-Em9v5MGVA,@joehank1845,0,2024-05-26T21:37:11Z
Ugy18P7WSCEmofvs27l4AaABAg,GYATTğŸ˜Š,UC2ukEddgvhDDoiib4PRDqHg,@baconrakr4199,0,2024-05-26T20:41:06Z
UgwqDgwcbqgYJ7EMC5V4AaABAg,the only one i knew was the end,UCR6brJvXo2QhI1HlOOfBkzQ,@stanikMandashekstandleymandosh,0,2024-05-26T20:40:32Z
Ugyz4ivTO-N5uHSkY7V4AaABAg,THAT ANSWER WAS SO SKIBIDI ğŸ˜ ğŸ˜ ğŸ˜ ğŸ˜ ğŸ˜ ğŸ˜ ğŸ˜ ğŸ˜ ğŸ˜ ğŸ˜ ğŸ˜ ğŸ˜ ,UC8qMseHTyCGhpaaHiMwa7FA,@LegoKidBuu,0,2024-05-26T20:38:52Z
UgzljbkaNap6Dt4LnkB4AaABAg,On skibidi ğŸ™‹â€â™‚ï¸,UCslm0hUPZ2WJVEKsfq9WJqA,@jacksonbrowngaming125,0,2024-05-26T20:38:35Z
UgzVwxEw9jz5ntZdxx14AaABAg,put that on skibidi,UCad8IPuBUiaFxSxNtQ-sp2w,@daredboi2,0,2024-05-26T20:30:25Z
Ugx0bvxaghEziLyWFS14AaABAg,What the sigma did I just watch,UC0_J8RtB4GetkuajKAtknMA,@kingillager,0,2024-05-26T20:30:08Z
UgyiFTAu-sdVzfawiSV4AaABAg,E,UCXC-zR8iQxzPAz0R7Gy5vOg,@CatE161,0,2024-05-26T20:29:28Z
UgzSR08134B3sOPA3N14AaABAg,the title doesn't make any sense but alr,UCHz2OE6c_VWp7VfDRMKMF_g,@superiorcarlos,0,2024-05-26T21:40:41Z
UgzVFtTSEW5Ntmhu4D94AaABAg,how is there 87 comments in 1 min after the vid comes out ğŸ˜¢ this brain rot attracts so many people ğŸ«¥,UC8LsykNvekrTYm5LFeWxtIA,@TheoAshton,0,2024-05-26T20:12:04Z
UgykJpmsWcUIeXFOfKZ4AaABAg,real,UCAfGUmtkRiyqIXGhirUgXrg,@nanochrz,0,2024-05-26T20:11:44Z
Ugz6Zh5wAhsnA7pKIkZ4AaABAg,hi,UCr73iN1LrnxqBp46oWOnOSg,@Elliot1234,0,2024-05-26T20:10:24Z
UgzgJMr1AzckLWKyB2N4AaABAg,Hi,UC1j2sRtHiiX9nejIi9TAI8w,@daily_uploader126,0,2024-05-26T20:10:54Z
UgwJjSXJVRT0n0QYIY14AaABAg,"""Boy what the hell boi""",UCsiLY-iiCkMBz8YubA8NMmA,@bitters879,0,2024-05-27T06:16:50Z
Ugw036MrmrL-VgX_0pF4AaABAg,This video is fireğŸ—£ï¸ğŸ—£ï¸ğŸ—£ï¸ğŸ—£ï¸ğŸ—£ï¸ğŸ”¥ğŸ”¥ğŸ”¥ğŸ”¥ğŸ”¥ğŸ’¯ğŸ’¯ğŸ’¯ğŸ’¯ğŸ’¯,UCu3-1wR_dgDdEkMwSn6PUjQ,@_NotCloud_,0,2024-05-26T20:10:52Z
Ugw9Y7KYB3124VYS9WJ4AaABAg,â€œ Is It Strawberry Cat?â€,UC9QKK6zf9ENoLMNC_j6n_GQ,@NixNotLid,0,2024-05-26T20:10:52Z
Ugy6BuEpnwhhyy8-ZPR4AaABAg,WAS THAT THE BITE OF 87?!??,UCcf2gFmaCpH-oKjnA2aXchw,@ebikberson,0,2024-05-27T07:30:08Z
UgzXkaxFBa2oet-CkUh4AaABAg,WHAT DA HELLL???,UCe_L28F7lF9lyi441Ut-2pA,@ashour_abdal,0,2024-05-27T08:15:51Z
A3uxyzmTYupA41gwqlxkwr,on skibidi,UCJz9ziZ7eyR_SWCw0x_y6yQ,@se9fy,0,2024-05-29T20:15:55Z
Ugxs_7dJ9IQX0xGCTZF4AaABAg,41 seconds ago...,UCJ-SkhXRcDrhMea6e_VgLJw,@theholyvuelaytx924,0,2024-05-26T20:10:48Z
UgzMIiX6cc6RtNFQ8G94AaABAg,Gen z got talent ğŸ—£ï¸ğŸ”¥,UC4f2Wiz2GAYSy6_h3HUIuhw,@user-qk9uw2qr8m,0,2024-05-27T09:29:21Z
UgzfcpAIYsfMVvy0ISN4AaABAg,Erhmm What the sigma??,UCIenAOq_o9R9SvfdivU4vQw,@AdrielMemes,0,2024-05-26T20:10:33Z
UgzhfssQoEtSRS9x8z94AaABAg,so funny hqhağŸ˜Š,UC6iRBOc1BA8sgrpTEzm90YA,,0,2024-05-26T20:10:33Z
UgwpIXEo-eXlan_GGvd4AaABAg,"1 like but no views, ow wait that was me lol",UCw0GzicPMxM0T5T50pZDQmA,@vannettef2151,0,2024-05-26T20:10:33Z
A3uxw8ulfxrA3vaV8WoOZw,â€‹@UTUBETROLLPOLICE_LoganFloor.2 shut the goofy ahh no dad ge the milk no milk ahh up,UCDrXEUUlJkEJ9aY3w0qx8bw,@JeanVanessaEbrado,0,2024-05-27T02:04:53Z
Ugws-NQYI7HoUVrwXCV4AaABAg,Bro Bernard sounds similar to my name ğŸ˜‚,UCuTTzl0Xc_7CkakT3DX8CMw,@bernat_jp,0,2024-05-27T17:20:45Z
UgwJoxrb6LeorGB2-i54AaABAg,No diddy,UCbejdH_-myOGitXKp2s8DaQ,@Idk18268,0,2024-05-26T21:09:40Z
Ugz_ZCgxAyTvWxs3gXt4AaABAg,ON SKIBIDIIii ALFA,UCAH80c3gYRk6rdBzfThAwxw,@ThundaVr,0,2024-05-26T20:10:25Z
Ugyrfpsv6IjZAN2_Df94AaABAg,And we thought the brainrot test YouTube shorts heâ€™s been making was enoughâ€¦,UCOIGR5h4W2lgvQ6-ld_acGA,@CoderAndAnimator,0,2024-05-27T05:17:42Z
UgwrLSAxmb_AgMBpT4t4AaABAg,Toilet,UCvydGrGV5gSXA8z-c9JHWjg,@yowhatupguys1366,0,2024-05-26T20:10:59Z
UgyUGfMx-PXENo1YmX14AaABAg,As someone who doesnt know who duke dennis is i am scared,UCcCAIoPPuA8NVGFo8xE432Q,@brodyguy1,0,2024-05-26T20:11:43Z
UgzO9CS41-fOzWF7r7R4AaABAg,Lol,UC6scpuM-L5zOKhqIRoOuxhw,@stitchandkirby,0,2024-05-26T20:11:07Z
UgyTmMMLk3ve8Z_WUCl4AaABAg,on skibidi,UCbfSoqJyyS589XnASyMLNwA,@carito_1981,0,2024-05-26T20:11:42Z
Ugxm4ATwxaUYDLTie494AaABAg,1 min ago!,UCcf3FMQYjky1BqzZp4rG9jw,@gpetarg955,0,2024-05-26T20:11:30Z
UgzK0z77_lO0UQP8p2Z4AaABAg,FIRST AND FUNNY,UCj-y4qBpZpR-BdrPMAlTPbg,@AxTailz,0,2024-05-26T20:11:30Z
Ugx2c65RzELU56nlt9V4AaABAg,YO I HAVE THE SAME KNIFE AS YOU. ALSO I STRUGGLE SO MUCH ON THE BASIC TWIRL TO THE THUMB AROUND,UCrkuXu-u2G8dEyAnut_HcBg,@spooderman12321,0,2024-05-26T20:11:24Z
UgwoZ-GTXUJ4xwED0y94AaABAg,kill me,UCs3do8I4N9RChcE4-NxTXXQ,@samuel-aka-contepic,0,2024-05-27T00:13:18Z
UgxlHNoJe53OwZKPBfR4AaABAg,BenardğŸ—£ï¸ğŸ”¥,UCYvVFS4VuLO-L6CEPVs9K4g,@BarbieGirlFan67,0,2024-05-27T00:19:23Z
Ugxx_8CFSeXeqSKb_vx4AaABAg,1 THOUSANDTH LIIIIKE,UCRkITljWoQOf3fhF0IFMVfQ,@ChillySTG,0,2024-05-27T00:28:10Z
UgwWFnvGQBzQFn3K9WB4AaABAg,"First:oil up dress down and bend over
Second:put that on skibidi
Youre award:naked oiled up watermelon cat",UCDrXEUUlJkEJ9aY3w0qx8bw,@JeanVanessaEbrado,0,2024-05-27T02:03:57Z
UgyHQQHtItxNCfAnIqF4AaABAg,we minimizing brainrot with this one ğŸ”¥ğŸ”¥ğŸ”¥ğŸ”¥ğŸ—£ğŸ—£ğŸ—£ğŸ—£,UCFr3TBvklLBXbanzSmaXw3Q,@THE_PERSON4204,0,2024-05-27T03:03:17Z
UgwLbcXynWq7Nq3NTVR4AaABAg,hi,UCEPFmBFLPChIn2qyVO93RJQ,@ithinkimcute,0,2024-05-27T03:27:16Z
A3uy0hJByAEA3vtC0eBprN,@@SandamaliNisansala- delete your reply.,UCvM2BgRk1VzKS0dlxnRoGww,@solomonjoya5274,0,2024-05-27T04:48:18Z
Ugz6rcU-eK9Djn4sHzF4AaABAg,Is this how are  memes evolving?,UCZUNKAgm6zhnEvp99xNd9gA,@Goofy_face1,0,2024-05-27T04:18:23Z
UgzMQ0NjfbnZJTgG80V4AaABAg,"I know someone's boutta say ""1 view in 40 seconds bro fell off""",UCiGRiY6sGYox4WBr3kG724w,@fanofpizzatower23199,0,2024-05-26T20:11:11Z
UgzQmOAV-emKQBLZPXp4AaABAg,8 views 103 likes,UC1j7EH9levTKAJxBtHyIRlA,@KeefeJohnson,0,2024-05-26T20:11:11Z
Ugw2_hzsgI-BAHpP6Ct4AaABAg,On skibidi,UClXU09PQIqLiEPNAXVt58dA,@Goku_391,0,2024-05-26T20:11:09Z
UgwFoN_vEHgZl7Hx-wB4AaABAg,â€œFiRsTâ€ ğŸ¤“,UCJy7czazawz7bw2x9RYJJlw,@Matthewgd1929,0,2024-05-26T20:10:26Z
